-- phpMyAdmin SQL Dump
-- version 4.8.4
-- https://www.phpmyadmin.net/
--
-- Host: localhost
-- Generation Time: Apr 23, 2019 at 10:15 PM
-- Server version: 10.0.37-MariaDB
-- PHP Version: 7.1.25

SET SQL_MODE = "NO_AUTO_VALUE_ON_ZERO";
SET AUTOCOMMIT = 0;
START TRANSACTION;
SET time_zone = "+00:00";


/*!40101 SET @OLD_CHARACTER_SET_CLIENT=@@CHARACTER_SET_CLIENT */;
/*!40101 SET @OLD_CHARACTER_SET_RESULTS=@@CHARACTER_SET_RESULTS */;
/*!40101 SET @OLD_COLLATION_CONNECTION=@@COLLATION_CONNECTION */;
/*!40101 SET NAMES utf8mb4 */;

--
-- Database: `sharelea_heal`
--

-- --------------------------------------------------------

--
-- Table structure for table `choice`
--

CREATE TABLE `choice` (
  `choice_id` int(11) NOT NULL,
  `choice_name` varchar(100) NOT NULL,
  `video` varchar(300) NOT NULL,
  `choice_status` int(1) NOT NULL
) ENGINE=InnoDB DEFAULT CHARSET=utf8;

--
-- Dumping data for table `choice`
--

INSERT INTO `choice` (`choice_id`, `choice_name`, `video`, `choice_status`) VALUES
(1, 'การดูแลผู้สูงอายุ', 'https://www.youtube.com/watch?v=nU4xppHjzb0&feature=youtu.be', 0),
(4, 'การดูแล', 'https://youtu.be/apzjps-MwYM', 1),
(5, 'aa', 'dcsfsf', 1);

-- --------------------------------------------------------

--
-- Table structure for table `testing`
--

CREATE TABLE `testing` (
  `id` int(3) NOT NULL,
  `choice_id` int(10) NOT NULL,
  `question` varchar(100) NOT NULL DEFAULT '',
  `c1` varchar(100) NOT NULL DEFAULT '',
  `c2` varchar(100) NOT NULL DEFAULT '',
  `c3` varchar(100) NOT NULL DEFAULT '',
  `c4` varchar(100) NOT NULL DEFAULT '',
  `answer` int(1) NOT NULL DEFAULT '0',
  `status` int(1) NOT NULL
) ENGINE=InnoDB DEFAULT CHARSET=utf8;

--
-- Dumping data for table `testing`
--

INSERT INTO `testing` (`id`, `choice_id`, `question`, `c1`, `c2`, `c3`, `c4`, `answer`, `status`) VALUES
(1, 1, 'กรดชนิดใดที่อยู่ในน้ำมันถั่วเหลืองและน้ำมันดอกทานตะวัน', 'ออกซิเดซัน', 'ไลโนเลอิก', 'ไฮโดรลิซิส', 'ไอโซโพพิล', 2, 0),
(2, 1, 'คาร์โบไฮเดรตคืออาหารจำพวกใด', 'ข้าวจ้าว ข้าวโพด ข้าวเหนียว', 'ขนมกบเคี้ยว น้ำอัดลม', 'เนื้อหมู เนื้อไก่', 'กุ้ง ปลาหมึก หอย', 1, 0),
(3, 1, 'ผู้สูงอายุควรดื่มน้ำสะอาดอย่างน้อยวันละกี่แก้ว', '2 - 4 แก้ว', '3 - 5 แก้ว', '6 - 8 แก้ว', '9 - 10 แก้ว', 3, 0),
(4, 1, 'ผู้สูงอายุที่เป็นโรคเบาหวานห้ามรับประทานผลไม้จำพวกใด', 'ทุเรียน ลำไย น้อยหน่า และขนุน', 'มะม่วง มะละกอ ส้ม และแก้วมังกร', 'ส้ม แตงโม องุ่น และสับปะรด', 'กล้วย แอปเปิ้ล ฝรั่ง และองุ่นเขียว', 1, 0),
(5, 1, 'การกายบริหาร คือการออกกำลังกายแบบใด', 'รำมวยจีน', 'เต้นแอโรบิก', 'คาร์ดิโอ', 'เต้น T25', 1, 0),
(6, 1, 'ผู้สูงอายุควรออกกำลังกายอย่างน้อยครั้งละกี่นาที', '10 – 50 นาที', '20 – 60 นาที', '30 – 60 นาที', '40 – 60 นาที', 2, 0),
(7, 1, 'ผู้สูงอายุมักมีปัญหาอาการท้องผูกซึ่งเกิดจากสาเหตุอะไร', 'กระเพราะอาหารและลำไส้ลดการบีบตัวตามอายุ', 'กระเพราะลำไส้อักเสบ', 'อาหารไม่ย่อย', 'ไม่ทานวิตามินอาหารเสริม', 1, 0),
(8, 1, 'บันไดที่ดีเหมะกับผู้สูงอายุไม่ควรเป็นลักษณะแบบใด', 'มีแสงสว่างพียงพอ', 'มีราวจับที่แข็งแรงทั้ง2ข้าง', 'มีสวิตช์ไฟ ทั้งด้านบนและด้านล่างของบันได', 'มีข้าวของระเกะระกะตั้งไว้ขวางทางบันได', 4, 0),
(9, 1, 'ห้องครัวสำหรับผู้สูงอายุไม่ควรเป็นลักษณะแบบใด', 'พื้นครัวไม่ควรลื่นและไม่สะท้อนแสง', 'บนโต๊ะไม่ควรมีของวางเกะกะ', 'ไม่ควรเก็บของในตู้สูงเกินไปสามารถหยิบจับของได้ง่ายๆ', 'หากหยิบจับของที่สูงไม่ถึง ผู้สูงอายุสามารถใช้บันไดปีนขึ้นไปได้', 4, 0),
(10, 1, 'ยาที่รับประทานก่อนอาหารควรรับประทานก่อนอย่างน้อยที่นาที', '10 นาที', '20 นาที', '30 นาที', '40 นาที', 3, 0),
(11, 1, 'ข้อใดคือเรื่องทั่วไปที่ผู้สูงอายุไม่ควรปฏิบัติ', 'เปิดไฟตรงทางเดินไปห้องน้ำ ตอนกลางคืน', 'หลีกเลี่ยงการสวมรองเท้าหลวมๆหรือรองเท้าส้นสูง', 'หากมีอาการเวียนศรีษะหลังจากกินยาเข้าไป ควรบอกแพทย์เพื่อนเปลี่ยนชนิดของยา', 'รับประทานยาตามใจชอบ ไม่ตามเวลาที่แพทย์สั่ง', 4, 0),
(12, 1, 'ข้อใดไม่ใช่วิธีที่ถูกต้องในการเตือนให้ผู้สูงอายุไม่ลืมรับประทานยา', 'นำกล่องใส่ยามาแยกชนิดของยาเพื่อจำชนิดของยาให้ง่ายขึ้น', 'ตั้งนาฬิกาปลุกเพื่อเตือนเวลาในการรับประทานยา', 'ใช้แอพพลิเคชั่นสำหรับเตือนให้รับประทานยาในสมาร์ทโฟน', 'ตะโกนเสียงดังๆเพื่อเตือนให้ผู้สูงอายุได้ยิน', 4, 1),
(13, 1, 'ยากลุ่ม ยานอนหลับ ยาคลายเครียด ยาแก้แพ้ และยาแก้ปวด ทำให้มีอาการข้างเคียงยกเว้นอาการใด', 'เวียนศรีษะ', 'ง่วงซึม', 'สับสน', 'เป็นลม', 4, 0),
(14, 1, 'ยากลุ่มต้านการอักเสบอาจทำให้ผู้สูงอายุเสี่ยงต่ออาการใด', 'โรคหัวใจ', 'ความดันต่ำ', 'เบาหวาน', 'ความดันโลหิตสูงหรือไตวาย', 4, 0),
(15, 1, 'ข้อใดคืองานอดิเรกที่เหมะสมกับผู้สูงอายุมากที่สุด', 'ดูแลสวนหรือต้นไม้', 'ขับมอเตอร์ไซค์ชมวิว', 'วิ่งออกกำลังกาย 10 กิโลเมตรในช่วงเที่ยง', 'ดื่มสุราสังสรรค์กับเพื่อน', 1, 0),
(16, 1, 'ข้อใด ไม่ใช่ การสร้างความรู้สึกมีคุณค่าให้กับผู้สูงอายุ', 'การขอคำปรึกษาในเรื่องการเลี้ยงลูก', 'การขอคำปรึกษาในเรื่องการดูแลบ้าน', 'การขอคำปรึกษาในเรื่องการกู้เงิน', 'การขอคำปรึกษาในเรื่องการทำอาหาร', 3, 0),
(17, 1, 'กิจกรรมการสวดมนต์ ไหว้พระ นั่งสมาธิ ฟังธรรม ส่งผลทำให้ผู้สูงอายุเกิดความรู้สึกในด้านใด', 'ความจำดีขึ้น ', 'มีจิตใจที่สงบและ สบายใจขึ้น', 'ร่างกายแข็งแรงขึ้น', 'อาการป่วยหายไวขึ้น', 2, 0),
(18, 1, 'ทางเข้าออกของผู้สูงอายุ ไม่ควร เป็นลักษณะใด', 'มีสิ่งของตั้งขวางตรงทางเข้าออก', 'ทิศทางต่างๆไม่ซับซ้อน', 'ประตูของทุกห้องควรมีลักษณะดันเปิดออกจากภายในได้', 'หากผู้สูงอายุนั่งรถเข็น พื้น ควรเป็นแนวราบเรียบ', 1, 0),
(19, 1, 'เนื้อปลาที่มีโอเมก้า 3 สามารถป้องกันโรคใดได้', 'โรคตับอักเสบ', 'โรคหลอดเลือดแข็งกับโรงหัวใจ', 'โรคความดันต่ำ', 'โรคมะเร็งตับ', 2, 0),
(20, 1, 'แร่ธาตุที่ผู้สูงอายุต้องการ และมักจะขาดคือข้อใด', 'ฟอสฟอรัส', 'โปแตสเซียม', 'ธาตุแคลเซียมและธาตุสังกะสี', 'แมกนีเซียม', 3, 0),
(21, 1, 'ธาตุสังกะสี มักจะพบในจำพวกใด', 'กุ้ง หอย ปู ปลา ปลาหมึก', 'ผักและผลไม้', 'ข้าวและแป้ง', 'หมู เนื้อ ไก่', 1, 0),
(22, 1, 'ผู้สูงอายุควรได้รับแคลเซียมและฟอสฟอรัสประมาณ เท่าไหร่ต่อวัน', '500 – 1000 	มิลลิกรัม/วัน', '1000 – 1500	มิลลิกรัม/วัน', '1500 – 2000	มิลลิกรัม/วัน', '2500 – 3000	มิลลิกรัม/วัน', 2, 0),
(23, 1, 'ผู้สูงอายุควรออกกำลังกายสัปดาห์ละกี่วัน', '1 – 2 วัน', '2 – 4 วัน', '3 – 5 วัน', '6 – 7 วัน', 3, 0),
(24, 1, 'ข้อใด ไม่ใช่ ประโยชน์ของการออกกำลังกายในวัยผู้สูงอายุ', 'ช่วยผ่อนคลายความเครียด ไม่ซึมเศร้า', 'ช่วยให้กล้ามเนื้อแข็งแรง', 'ช่วยให้ระบบขับถ่ายดีขึ้น', 'ช่วยให้ผิวพรรณบนใบหน้าหาย หย่นคล้อย ', 4, 0),
(25, 1, '. ผู้สูงอายุ ควรรับประทาน ไข่ และนม  อย่างน้อยวันละเท่าไหร่', 'ไข่ 2 ฟอง  นม 2 แก้ว', 'ไข่ 3 ฟอง  นม 2 แก้ว', 'ไข่ 2 ฟอง  นม 1 แก้ว', 'ไข่ 1 ฟอง  นม 1 แก้ว', 4, 0),
(41, 1, 'แคลเซียม มักพบในอาหาร จำพวกใด', 'นม ก้อนเต้าหู้  ', 'ข้าว ก๋วยเตี๋ยว ', 'ขนมปัง แป้ง', 'น้ำผลไม้  น้ำขิง', 1, 0),
(42, 1, 'อาหารเช้า ในข้อใดที่เหมาะสมกับผู้สูงอายุมากที่สุด', 'ส้มตำปูปลาร้า  แตงโม 3 ชิ้น', 'ปลานึ่งราดซีอิ้ว แก้วมังกร 6 ชิ้น', 'ต้มยำกุ้ง ส้ม 1 ผล', 'ขนมจีนน้ำเงี้ยว แอปเปิ้ล 1 ผล', 2, 0),
(43, 1, 'ก่อนออกกำลังกายทุกครั้ง ควรอบอุ่นร่างกายและผ่อนคลายร่างกายอย่างน้อยครั้งละ กี่นาที', '2-5   นาที', '10-15 นาที', '5-10  นาที', '15-20 นาที', 3, 0),
(44, 1, 'ข้อใด ไม่ใช่ ลักษณะห้องน้ำของผู้สูงอายุที่ถูกต้อง', 'ห้องน้ำไม่ควรลื่น', 'ห้องอาบน้ำควรมีแผ่นยางหรือวัสดุกันลื่น', 'ควรมีราวจับขณะที่เข้าหรือออกจากอ่างอาบน้ำ', 'ไม่ควรมีเก้าอี้นั่งอาบน้ำสำหรับผู้สูงอายุ', 4, 0),
(45, 1, 'ข้อใด ไม่ใช่ ลักษณะห้องนอนของผู้สูงอายุที่ถูกต้อง', 'เว้นที่รอบๆเตียงนอน เพื่อจะเดินได้อย่างปลอดภัย', 'ควรมีเก้าอี้หนึ่งตัว เพื่อไว้แต่งตัว', 'วางตะเกียงหรือไฟฉายไว้ใกล้ที่นอนพอที่จะเอื้อมถึงได้', 'มีขยะและฝุ่นบริเวณห้องนอน', 4, 0),
(46, 1, 'ข้อใดคือ สิ่งสำคัญในการใช้ยาอย่างถูกต้อง ', 'อ่านฉลากยาให้ถี่ถ้วน ', 'รับประทานยาตาม ที่เวลาตัวเราเองสะดวก โดยไม่ได้ดูฉลากยา', 'รับประทานยาทันทีเมื่อเกิดอาการไข้ โดยไม่ได้ดูฉลากยา', 'ใช้ยาเกินขนาด ไม่รับประทานตามที่หมอบอก', 1, 0),
(47, 1, 'ข้อใด ไม่ใช่ ความสะอาดสะอ้าน ในด้านสิ่งแวดล้อม', 'ทุกห้องควรได้รับการดูแล ไม่ควรมี เศษฝุ่น', 'ทุกห้อง อาจจะมีเศษขยะได้บ้างเล็กน้อย', 'ทุกห้องควรปลอดกลิ่นเหม็นจากสิ่งปฏิกูล', 'ทุกห้องไม่ควรมีกลิ่น ควันบุหรี่ ทินเนอร์', 2, 0),
(48, 3, 'ข้อที่ 3', 'ตัวเลือกที่ 1', 'ตัวเลือกที่ 2', 'ตัวเลือกที่ 3', 'ตัวเลือกที่ 4', 3, 1),
(49, 3, 'ข้อที่ 4', 'ตัวเลือกที่ 1', 'ตัวเลือกที่ 2', 'ตัวเลือกที่ 3', 'ตัวเลือกที่ 4', 4, 1),
(50, 3, 'ข้อที่ 5', 'ตัวเลือกที่ 1', 'ตัวเลือกที่ 2', 'ตัวเลือกที่ 3', 'ตัวเลือกที่ 4', 4, 1),
(51, 3, 'ข้อที่ 6', 'ตัวเลือกที่ 1', 'ตัวเลือกที่ 2', 'ตัวเลือกที่ 3', 'ตัวเลือกที่ 4', 3, 1),
(52, 3, 'ข้อที่ 7', 'ตัวเลือกที่ 1', 'ตัวเลือกที่ 2', 'ตัวเลือกที่ 3', 'ตัวเลือกที่ 4', 2, 1),
(53, 3, 'ข้อที่ 8', 'ตัวเลือกที่ 1', 'ตัวเลือกที่ 2', 'ตัวเลือกที่ 3', 'ตัวเลือกที่ 4', 1, 1),
(54, 3, 'ข้อที่ 9', 'ตัวเลือกที่ 1', 'ตัวเลือกที่ 2', 'ตัวเลือกที่ 3', 'ตัวเลือกที่ 4', 2, 1),
(55, 3, 'ข้อที่ 10', 'ตัวเลือกที่ 1', 'ตัวเลือกที่ 2', 'ตัวเลือกที่ 3', 'ตัวเลือกที่ 4', 3, 1),
(56, 6, 'ทดทดทดทด13', 'ข้อที่ 1', 'ข้อที่ 2', 'ข้อที่ 3', 'ข้อที่ 4', 2, 1),
(57, 6, 'ทดทดทดทด15', 'ข้อที่ 1', 'ข้อที่ 2', 'ข้อที่ 3', 'ข้อที่ 4', 2, 1),
(58, 5, 'sd', 'aa', 'aa', 'sds', 'ddd', 1, 1);

-- --------------------------------------------------------

--
-- Table structure for table `user`
--

CREATE TABLE `user` (
  `ID` int(5) NOT NULL,
  `Username` varchar(50) NOT NULL,
  `Password` varchar(200) NOT NULL,
  `Firstname` varchar(100) NOT NULL,
  `Lastname` varchar(100) NOT NULL,
  `email` varchar(100) NOT NULL,
  `phone` text NOT NULL,
  `Userlevel` varchar(1) NOT NULL,
  `user_date` date NOT NULL,
  `session_id` varchar(50) NOT NULL,
  `Status` varchar(1) NOT NULL
) ENGINE=MyISAM DEFAULT CHARSET=utf8;

--
-- Dumping data for table `user`
--

INSERT INTO `user` (`ID`, `Username`, `Password`, `Firstname`, `Lastname`, `email`, `phone`, `Userlevel`, `user_date`, `session_id`, `Status`) VALUES
(30, 'admin', 'Aa123456', 'admin', 'admin', 'admin@gmail.com', '5165165165', 'A', '2020-03-03', '1476514e0f154b00cdfc68033cac8b01', 'Y'),
(47, 'test', 'Aa123456', 'นพรัตน์', 'บุดดีคำ', '23.noop@gmail.com', '0915121231', 'M', '2020-03-03', 'dd2ac7973fbd5e8736551538b39dd468', 'Y'),
(84, 'rung', 'Rung12345', 'สุปรินยา', 'แพรกเมือง', 'sayrungmunee@gmail.com', '0968793964', 'M', '2021-04-09', 'lalv3ddb1l7hg0snrdc697614h', 'Y'),
(86, 'bow', 'Bow12345', 'นพดล', 'สุวรรณแก้ว', 'prab_2530@hotmail.com', '0957644332', 'M', '2021-04-09', 'lalv3ddb1l7hg0snrdc697614h', 'Y'),
(52, 'Oill', 'Pattara123456', 'Pattaraporn', 'Thongket', 'pattarapornthongket@gmail.com', '0930124286', 'M', '2021-03-30', 'cd89a4431f745c6ca8941ff810e51465', 'Y'),
(63, 'Nikorn', 'Aa123456', 'Nikorn', 'nin', 'nikorn.k@mail.rmutk.ac.th', '0951435676', 'M', '2021-04-01', '1c1e72d0a56679ad19819fbdf4ac0da8', 'Y'),
(64, 'witoon789', 'Loveyui789', 'วิฑูร', 'ดาศรี', 'toonsasama@gmail.com', '0637811856', 'M', '2021-04-02', 'spbf6e3gr7ama49s9a8jvjvp2b', 'Y'),
(65, 'laila', 'Aa123456', 'อริศรา', 'การินทร', '596051800446@mail.rmutk.ac.th', '0895304461', 'M', '2021-04-06', 'psh8c578klfgm2e5f1s5dj27tv', 'Y'),
(83, 'fah', 'Fah12345', 'สุจารี', 'มูณี', 'sucharee.pk379@gmail.com', '0964875578', 'M', '2021-04-09', 'lalv3ddb1l7hg0snrdc697614h', 'Y'),
(67, 'oil', 'Oo123456', 'ภัทราพร', 'ทองเกตุ', '596051800297@mail.rmutk.ac.th', '0930124286', 'M', '2021-04-09', 'fe9c12kt8556v15lnbtsurbqrk', 'Y'),
(68, 'tan', 'Tan12345', 'มาริษา', 'บุศรากรณ์', '596051800313@mail.rmutk.ac.th', '0927324093', 'M', '2021-04-09', 'fe9c12kt8556v15lnbtsurbqrk', 'Y'),
(69, 'jame', 'Jame12345', 'วีระวัฒน์ ', 'เลาหบุตร', '596051800081@mail.rmutk.ac.th', '0982506653', 'M', '2021-04-09', 'fe9c12kt8556v15lnbtsurbqrk', 'Y'),
(70, 'ink', 'Ink12345', 'ลลิตา', 'ชนะชัย', 'atitiink12@gmail.com', '0975984249', 'M', '2021-04-09', 'fe9c12kt8556v15lnbtsurbqrk', 'Y'),
(82, 'spay', 'Spay1234', 'ปัตติมา', 'รักษาจันทร์', 'patimanisab21@gmail.com', '0875788790', 'M', '2021-04-09', 'lalv3ddb1l7hg0snrdc697614h', 'Y'),
(81, 'payon', 'Payon12345', 'กัลยา', 'พิทักวงษ์', 'kanlaya_kwan@hotmail.co.th', '0862621274', 'M', '2021-04-09', 'lalv3ddb1l7hg0snrdc697614h', 'Y'),
(74, 'frim', 'Frim12345', 'นันทิกานต์', 'บุญเอียด', 'f5711436014@gmail.com', '0985874876', 'M', '2021-04-09', 'fe9c12kt8556v15lnbtsurbqrk', 'Y'),
(87, 'saa', 'Saa12345', 'วิชภา', 'สีชุม', 'prae17_@hotmail.com', '0958653869', 'M', '2021-04-09', 'lalv3ddb1l7hg0snrdc697614h', 'Y'),
(76, 'mod', 'Mod12345', 'ภัทราทิพย์', 'พรหมวิเศษ', 'Modant99@hotmail.com', '0927865967', 'M', '2021-04-09', 'fe9c12kt8556v15lnbtsurbqrk', 'Y'),
(77, 'kwan', 'Kwan12345', 'ขวัญฤทัย', 'แก้วเมือง', 'khwan__1995@hotmail.co.th', '0965492471', 'M', '2021-04-09', 'fe9c12kt8556v15lnbtsurbqrk', 'Y'),
(78, 'susu', 'Susu12345', 'สุกัญญา', 'ปานดี', 'Sukanya338766@gmail.com', '0918948659', 'M', '2021-04-09', 'fe9c12kt8556v15lnbtsurbqrk', 'Y'),
(79, 'kuk', 'Kuk12345', 'นาตยา', 'แก้ววิจิตร', 'natthaya0907@gmail.com', '0938691200', 'M', '2021-04-09', 'fe9c12kt8556v15lnbtsurbqrk', 'Y'),
(80, 'leoleo', 'Leo12345', 'กรรณิการ์', 'รอดภัย', 'kannika9953@gmail.com', '0964862457', 'M', '2021-04-09', 'fe9c12kt8556v15lnbtsurbqrk', 'Y'),
(85, 'titi', 'Titi1234', 'เอกพงษ์', 'บุญเอียด', 'Valantineday086@gmail.com', '0975483743', 'M', '2021-04-09', 'lalv3ddb1l7hg0snrdc697614h', 'Y'),
(88, 'new', 'New55555', 'สมจิตร', 'วงนาวา', 'smcitrwanwng8@gmail.com', '0958695003', 'M', '2021-04-10', 'lalv3ddb1l7hg0snrdc697614h', 'Y'),
(89, 'vava', 'Vava33333', 'วรรณวิภา', 'เรืองจักนารา', 'Vanvisa1738@gmail.com', '0959650446', 'M', '2021-04-10', 'lalv3ddb1l7hg0snrdc697614h', 'Y'),
(90, 'pong', 'Pong1212', 'ภานุพงศ์', 'แหวนวงศ์', 'aphnaae665@gmail.com', '0768533654', 'M', '2021-04-10', 'lalv3ddb1l7hg0snrdc697614h', 'Y'),
(91, 'van', 'Van123123', 'วัลย์ธิดา', 'มาบุญแก้ว', 'wantida3443@gmail.com', '0955643432', 'M', '2021-04-10', 'lalv3ddb1l7hg0snrdc697614h', 'Y'),
(93, 'tong', 'Tong99999', 'นุศรา', 'พิทักวงษ์', 'nutsara2390765444@gmail.com', '0956543235', 'M', '2021-04-10', 'lalv3ddb1l7hg0snrdc697614h', 'Y'),
(94, 'san', 'San12345', 'สันติสุข', 'วงศ์ภัคดี', 'wngs33889@gmail.com', '0755654332', 'M', '2021-04-10', 'lalv3ddb1l7hg0snrdc697614h', 'Y'),
(95, 'ann', 'Ann12345', 'สุพรรษา', 'พลเพียร', 'suphrrsaphl2@gmail.com', '0966667555', 'M', '2021-04-10', 'lalv3ddb1l7hg0snrdc697614h', 'Y'),
(96, 'citi', 'Citi12345', 'พรชิตา', 'สกุลวง', 'sphrchita604@gmail.com', '0565657564', 'M', '2021-04-10', 'lalv3ddb1l7hg0snrdc697614h', 'Y'),
(97, 'wandeee', 'Wandee1234', 'วรรณดี ', 'เลขสม', 'wandee567876576543@gmail.com', '0955465765', 'M', '2021-04-10', 'lalv3ddb1l7hg0snrdc697614h', 'Y'),
(98, 'chompoo', 'Chompoo12', 'อมรรัตน์', 'พยาบาล', 'amonrat2390@outlook.com', '0955480671', 'M', '2021-04-10', 'lalv3ddb1l7hg0snrdc697614h', 'Y'),
(99, 'jira', 'Jira34567', 'จิราภา', 'บุญศิริ', 'jirapa_4345451231@hotmail.com', '0546546657', 'M', '2021-04-10', 'lalv3ddb1l7hg0snrdc697614h', 'Y'),
(101, 'mar', 'Mar12345', 'สมศรี', 'มาบุญมี', '596051800339@mail.rmutk.ac.th', '0954546565', 'M', '2021-04-10', 'ukjuu0s1jictmvsm38a6kbcdhr', 'Y'),
(102, 'atita', 'Atita12345', 'อาทิตา ', 'บุญประสิทธิ์', 'atitabunprasit7897@gmail.com', '0974587654', 'M', '2021-04-15', 'jg0dguir17f5ujr2qsh6theu9v', 'Y'),
(103, 'nantiwan', 'Nantiwan9999', 'นันทิวัน ', 'รมยะสมิต', 'nantiwan097890@gmail.com', '0956544322', 'M', '2021-04-15', 'jg0dguir17f5ujr2qsh6theu9v', 'Y'),
(104, 'Narathip', 'Nnew123456789', 'นราธิป', 'พรหมแก้วกุล', 'badboyzeed007@gmail.com', '0989093475', 'M', '2021-04-15', 'lq8o0ea32bsl151h8es27np4nc', 'N'),
(105, 'tserpat', 'Na123456', 'sdfaf', 'dsaf', 'napatta-06@hotmail.com', '0851347838', 'M', '2021-04-19', '4b46cq7t7ipjre745aog2ogkie', 'Y'),
(106, '', '', '', '', '', '', 'M', '2021-04-22', 'sk88jpmmr73qmrf7mi587h02cp', 'N');

-- --------------------------------------------------------

--
-- Table structure for table `user_learning`
--

CREATE TABLE `user_learning` (
  `user_learning_id` int(10) NOT NULL,
  `choice_id` int(10) NOT NULL,
  `user_id` int(10) NOT NULL,
  `user_learning_bf` int(20) NOT NULL,
  `user_learning_af` varchar(20) NOT NULL,
  `user_learning_status` int(1) NOT NULL
) ENGINE=InnoDB DEFAULT CHARSET=utf8;

--
-- Dumping data for table `user_learning`
--

INSERT INTO `user_learning` (`user_learning_id`, `choice_id`, `user_id`, `user_learning_bf`, `user_learning_af`, `user_learning_status`) VALUES
(43, 1, 47, 6, '7', 0),
(44, 1, 50, 8, '15', 0),
(45, 1, 54, 13, '20', 0),
(46, 1, 60, 10, '17', 0),
(47, 1, 63, 6, '10', 0),
(48, 1, 65, 11, '18', 0),
(49, 1, 64, 9, '18', 0),
(50, 4, 65, 0, 'ยังไม่ทำ', 0),
(51, 1, 67, 13, '20', 0),
(52, 1, 68, 9, '17', 0),
(53, 1, 69, 11, '19', 0),
(54, 1, 70, 9, '19', 0),
(55, 1, 77, 12, '20', 0),
(56, 1, 78, 12, '20', 0),
(57, 1, 79, 9, '19', 0),
(58, 1, 80, 8, '18', 0),
(59, 1, 81, 10, '17', 0),
(60, 1, 82, 10, '17', 0),
(61, 1, 83, 8, '15', 0),
(62, 1, 74, 8, '15', 0),
(63, 1, 76, 7, '18', 0),
(64, 1, 84, 6, '16', 0),
(65, 1, 85, 7, '17', 0),
(66, 1, 86, 6, '16', 0),
(67, 1, 87, 12, '19', 0),
(68, 1, 88, 6, '15', 0),
(69, 1, 89, 6, '17', 0),
(70, 1, 90, 8, '15', 0),
(71, 1, 91, 8, '17', 0),
(72, 1, 93, 9, '17', 0),
(73, 1, 94, 10, '17', 0),
(74, 1, 95, 11, '18', 0),
(75, 1, 96, 9, '18', 0),
(76, 1, 97, 11, '19', 0),
(77, 1, 98, 12, '18', 0),
(78, 1, 99, 13, '20', 0),
(79, 1, 101, 11, '18', 0),
(80, 1, 102, 7, '17', 0),
(81, 1, 103, 11, '18', 0),
(82, 1, 105, 1, '9', 0);

--
-- Indexes for dumped tables
--

--
-- Indexes for table `choice`
--
ALTER TABLE `choice`
  ADD PRIMARY KEY (`choice_id`);

--
-- Indexes for table `testing`
--
ALTER TABLE `testing`
  ADD PRIMARY KEY (`id`);

--
-- Indexes for table `user`
--
ALTER TABLE `user`
  ADD PRIMARY KEY (`ID`);

--
-- Indexes for table `user_learning`
--
ALTER TABLE `user_learning`
  ADD PRIMARY KEY (`user_learning_id`);

--
-- AUTO_INCREMENT for dumped tables
--

--
-- AUTO_INCREMENT for table `choice`
--
ALTER TABLE `choice`
  MODIFY `choice_id` int(11) NOT NULL AUTO_INCREMENT, AUTO_INCREMENT=6;

--
-- AUTO_INCREMENT for table `testing`
--
ALTER TABLE `testing`
  MODIFY `id` int(3) NOT NULL AUTO_INCREMENT, AUTO_INCREMENT=59;

--
-- AUTO_INCREMENT for table `user`
--
ALTER TABLE `user`
  MODIFY `ID` int(5) NOT NULL AUTO_INCREMENT, AUTO_INCREMENT=107;

--
-- AUTO_INCREMENT for table `user_learning`
--
ALTER TABLE `user_learning`
  MODIFY `user_learning_id` int(10) NOT NULL AUTO_INCREMENT, AUTO_INCREMENT=83;
COMMIT;

/*!40101 SET CHARACTER_SET_CLIENT=@OLD_CHARACTER_SET_CLIENT */;
/*!40101 SET CHARACTER_SET_RESULTS=@OLD_CHARACTER_SET_RESULTS */;
/*!40101 SET COLLATION_CONNECTION=@OLD_COLLATION_CONNECTION */;
